Prueba,Alcance,Mecanismo,Partición,Pérdida (φ),Tiempo (s)
1,ABCDEFGHIJ,ABCDEFGHIJ,"|  A,B,C,D,E,F,G,H,J  || I |
| a,b,c,d,e,f,g,h,i,j || ∅ |",0.47265625,0.43445539474487305
2,ABCDEFGHIJ,ABCDEFGHI,"| A,B,C,D,E,F,H,I,J || G |
| a,b,c,d,e,f,g,h,i || ∅ |",0.0048828125,0.15558838844299316
3,ABCDEFGHIJ,BCDEFGHIJ,"| A,B,C,D,E,F,H,I,J || G |
| b,c,d,e,f,g,h,i,j || ∅ |",0.0048828125,0.18168210983276367
4,ABCDEFGHIJ,BCDEFGHI,"| A,C,D,E,F,G,H,I,J || B |
|  b,c,d,e,f,g,h,i  || ∅ |",0.01171875,0.10898637771606445
5,ABCDEFGHIJ,ABDEGHJ,"| A,B,C,D,E,F,G,H,I || J |
|   a,b,d,e,g,h,j   || ∅ |",0.005859375,0.09898805618286133
6,ABCDEFGHIJ,ACEGI,"| A,B,C,D,F,G,H,I,J || E |
|     a,c,e,g,i     || ∅ |",0.015625,0.0619816780090332
7,ABCDEFGHIJ,BDFHJ,"| A,B,C,D,E,F,G,H,J || I |
|     b,d,f,h,j     || ∅ |",0.00390625,0.061983585357666016
8,ABCDEFGHI,ABCDEFGHIJ,"|   A,B,C,D,E,F,G,H   || I |
| a,b,c,d,e,f,g,h,i,j || ∅ |",0.47265625,0.31763625144958496
9,ABCDEFGHI,ABCDEFGHI,"|  A,B,C,D,E,F,H,I  || G |
| a,b,c,d,e,f,g,h,i || ∅ |",0.0048828125,0.14700865745544434
10,ABCDEFGHI,BCDEFGHIJ,"|  A,B,C,D,E,F,H,I  || G |
| b,c,d,e,f,g,h,i,j || ∅ |",0.0048828125,0.13298320770263672
11,ABCDEFGHI,BCDEFGHI,"| A,C,D,E,F,G,H,I || B |
| b,c,d,e,f,g,h,i || ∅ |",0.01171875,0.08129596710205078
12,ABCDEFGHI,ABDEGHJ,"| A,B,D,E,F,G,H,I || C |
|  a,b,d,e,g,h,j  || ∅ |",0.01953125,0.05898761749267578
13,ABCDEFGHI,ACEGI,"| A,B,C,D,F,G,H,I || E |
|    a,c,e,g,i    || ∅ |",0.015625,0.03898930549621582
14,ABCDEFGHI,BDFHJ,"| A,B,C,D,E,F,G,H || I |
|    b,d,f,h,j    || ∅ |",0.00390625,0.0309908390045166
15,BCDEFGHIJ,ABCDEFGHIJ,"|   B,C,D,E,F,G,H,J   || I |
| a,b,c,d,e,f,g,h,i,j || ∅ |",0.47265625,0.2834324836730957
16,BCDEFGHIJ,ABCDEFGHI,"|  B,C,D,E,F,H,I,J  || G |
| a,b,c,d,e,f,g,h,i || ∅ |",0.0048828125,0.20156240463256836
17,BCDEFGHIJ,BCDEFGHIJ,"|  B,C,D,E,F,H,I,J  || G |
| b,c,d,e,f,g,h,i,j || ∅ |",0.0048828125,0.8772993087768555
18,BCDEFGHIJ,BCDEFGHI,"| C,D,E,F,G,H,I,J || B |
| b,c,d,e,f,g,h,i || ∅ |",0.01171875,0.0860280990600586
19,BCDEFGHIJ,ABDEGHJ,"| B,C,D,E,F,G,H,I || J |
|  a,b,d,e,g,h,j  || ∅ |",0.005859375,0.05198836326599121
20,BCDEFGHIJ,ACEGI,"| B,C,D,F,G,H,I,J || E |
|    a,c,e,g,i    || ∅ |",0.015625,0.04301333427429199
21,BCDEFGHIJ,BDFHJ,"| B,C,D,E,F,G,H,J || I |
|    b,d,f,h,j    || ∅ |",0.00390625,0.06899356842041016
22,BCDEFGHI,ABCDEFGHIJ,"|    B,C,D,E,F,G,H    || I |
| a,b,c,d,e,f,g,h,i,j || ∅ |",0.47265625,0.3087279796600342
23,BCDEFGHI,ABCDEFGHI,"|   B,C,D,E,F,H,I   || G |
| a,b,c,d,e,f,g,h,i || ∅ |",0.0048828125,0.18206071853637695
24,BCDEFGHI,BCDEFGHIJ,"|   B,C,D,E,F,H,I   || G |
| b,c,d,e,f,g,h,i,j || ∅ |",0.0048828125,0.14664983749389648
25,BCDEFGHI,BCDEFGHI,"|  C,D,E,F,G,H,I  || B |
| b,c,d,e,f,g,h,i || ∅ |",0.01171875,0.07301521301269531
26,BCDEFGHI,ABDEGHJ,"| B,D,E,F,G,H,I || C |
| a,b,d,e,g,h,j || ∅ |",0.01953125,0.04093813896179199
27,BCDEFGHI,ACEGI,"| B,C,D,F,G,H,I || E |
|   a,c,e,g,i   || ∅ |",0.015625,0.024006128311157227
28,BCDEFGHI,BDFHJ,"| B,C,D,E,F,G,H || I |
|   b,d,f,h,j   || ∅ |",0.00390625,0.038046836853027344
29,ABDEGHJ,ABCDEFGHIJ,"|     B,D,E,G,H,J     || A |
| a,b,c,d,e,f,g,h,i,j || ∅ |",0.48046875,0.3337111473083496
30,ABDEGHJ,ABCDEFGHI,"|    A,B,D,E,H,J    || G |
| a,b,c,d,e,f,g,h,i || ∅ |",0.0048828125,0.29096078872680664
31,ABDEGHJ,BCDEFGHIJ,"|    A,B,D,E,H,J    || G |
| b,c,d,e,f,g,h,i,j || ∅ |",0.0048828125,0.14401793479919434
32,ABDEGHJ,BCDEFGHI,"|   A,D,E,G,H,J   || B |
| b,c,d,e,f,g,h,i || ∅ |",0.01171875,0.06084489822387695
33,ABDEGHJ,ABDEGHJ,"|  A,B,D,E,G,H  || J |
| a,b,d,e,g,h,j || ∅ |",0.005859375,0.04703044891357422
34,ABDEGHJ,ACEGI,"| A,B,D,G,H,J || E |
|  a,c,e,g,i  || ∅ |",0.015625,0.022050142288208008
35,ABDEGHJ,BDFHJ,"| B,D,E,G,H,J || A |
|  b,d,f,h,j  || ∅ |",0.01953125,0.031991004943847656
36,ACEGI,ABCDEFGHIJ,"|       A,C,E,G       || I |
| a,b,c,d,e,f,g,h,i,j || ∅ |",0.47265625,0.26457953453063965
37,ACEGI,ABCDEFGHI,"|      A,C,E,I      || G |
| a,b,c,d,e,f,g,h,i || ∅ |",0.0048828125,0.11559271812438965
38,ACEGI,BCDEFGHIJ,"|      A,C,E,I      || G |
| b,c,d,e,f,g,h,i,j || ∅ |",0.0048828125,0.16118884086608887
39,ACEGI,BCDEFGHI,"|     C,E,G,I     || A |
| b,c,d,e,f,g,h,i || ∅ |",0.01953125,0.09498834609985352
40,ACEGI,ABDEGHJ,"|    A,E,G,I    || C |
| a,b,d,e,g,h,j || ∅ |",0.01953125,0.04000496864318848
41,ACEGI,ACEGI,"|  A,C,G,I  || E |
| a,c,e,g,i || ∅ |",0.015625,0.017996788024902344
42,ACEGI,BDFHJ,"|  A,C,E,G  || I |
| b,d,f,h,j || ∅ |",0.00390625,0.026015758514404297
43,BDFHJ,ABCDEFGHIJ,"|      B,D,F,J      || H |
| a,b,c,d,e,f,g,h,j || i |",0.484375,0.3275482654571533
44,BDFHJ,ABCDEFGHI,"|      B,D,F,H      || J |
| a,b,c,d,e,f,g,h,i || ∅ |",0.005859375,0.11000752449035645
45,BDFHJ,BCDEFGHIJ,"|      B,D,H,J      || F |
| b,c,d,e,f,g,h,i,j || ∅ |",0.0068359375,0.1620321273803711
46,BDFHJ,BCDEFGHI,"|     D,F,H,J     || B |
| b,c,d,e,f,g,h,i || ∅ |",0.01171875,0.057015180587768555
47,BDFHJ,ABDEGHJ,"|    B,D,F,H    || J |
| a,b,d,e,g,h,j || ∅ |",0.005859375,0.03001260757446289
48,BDFHJ,ACEGI,"|  B,D,H,J  || F |
| a,c,e,g,i || ∅ |",0.024414062,0.015014410018920898
49,BDFHJ,BDFHJ,"|  B,D,H,J  || F |
| b,d,f,h,j || ∅ |",0.024414062,0.02092266082763672
